"country_code","country_name","region"
"AFG","Afghanistan","Middle East, North Africa, Afghanistan & Pakistan"
"AGO","Angola","Sub-Saharan Africa"
"ALB","Albania","Europe & Central Asia"
"ARE","United Arab Emirates","Middle East, North Africa, Afghanistan & Pakistan"
"ARG","Argentina","Latin America & Caribbean"
"ARM","Armenia","Europe & Central Asia"
"ATG","Antigua and Barbuda","Latin America & Caribbean"
"AUS","Australia","East Asia & Pacific"
"AUT","Austria","Europe & Central Asia"
"AZE","Azerbaijan","Europe & Central Asia"
"BDI","Burundi","Sub-Saharan Africa"
"BEL","Belgium","Europe & Central Asia"
"BEN","Benin","Sub-Saharan Africa"
"BFA","Burkina Faso","Sub-Saharan Africa"
"BGD","Bangladesh","South Asia"
"BGR","Bulgaria","Europe & Central Asia"
"BHR","Bahrain","Middle East, North Africa, Afghanistan & Pakistan"
"BHS","Bahamas, The","Latin America & Caribbean"
"BIH","Bosnia and Herzegovina","Europe & Central Asia"
"BLR","Belarus","Europe & Central Asia"
"BLZ","Belize","Latin America & Caribbean"
"BOL","Bolivia","Latin America & Caribbean"
"BRA","Brazil","Latin America & Caribbean"
"BRB","Barbados","Latin America & Caribbean"
"BRN","Brunei Darussalam","East Asia & Pacific"
"BTN","Bhutan","South Asia"
"BWA","Botswana","Sub-Saharan Africa"
"CAF","Central African Republic","Sub-Saharan Africa"
"CAN","Canada","North America"
"CHE","Switzerland","Europe & Central Asia"
"CHL","Chile","Latin America & Caribbean"
"CHN","China","East Asia & Pacific"
"CIV","Cote d'Ivoire","Sub-Saharan Africa"
"CMR","Cameroon","Sub-Saharan Africa"
"COD","Congo, Dem. Rep.","Sub-Saharan Africa"
"COG","Congo, Rep.","Sub-Saharan Africa"
"COL","Colombia","Latin America & Caribbean"
"COM","Comoros","Sub-Saharan Africa"
"CPV","Cabo Verde","Sub-Saharan Africa"
"CRI","Costa Rica","Latin America & Caribbean"
"CUB","Cuba","Latin America & Caribbean"
"CYP","Cyprus","Europe & Central Asia"
"CZE","Czechia","Europe & Central Asia"
"DEU","Germany","Europe & Central Asia"
"DJI","Djibouti","Middle East, North Africa, Afghanistan & Pakistan"
"DNK","Denmark","Europe & Central Asia"
"DOM","Dominican Republic","Latin America & Caribbean"
"DZA","Algeria","Middle East, North Africa, Afghanistan & Pakistan"
"ECU","Ecuador","Latin America & Caribbean"
"EGY","Egypt, Arab Rep.","Middle East, North Africa, Afghanistan & Pakistan"
"ERI","Eritrea","Sub-Saharan Africa"
"ESP","Spain","Europe & Central Asia"
"EST","Estonia","Europe & Central Asia"
"ETH","Ethiopia","Sub-Saharan Africa"
"FIN","Finland","Europe & Central Asia"
"FJI","Fiji","East Asia & Pacific"
"FRA","France","Europe & Central Asia"
"FSM","Micronesia, Fed. Sts.","East Asia & Pacific"
"GAB","Gabon","Sub-Saharan Africa"
"GBR","United Kingdom","Europe & Central Asia"
"GEO","Georgia","Europe & Central Asia"
"GHA","Ghana","Sub-Saharan Africa"
"GIN","Guinea","Sub-Saharan Africa"
"GMB","Gambia, The","Sub-Saharan Africa"
"GNB","Guinea-Bissau","Sub-Saharan Africa"
"GNQ","Equatorial Guinea","Sub-Saharan Africa"
"GRC","Greece","Europe & Central Asia"
"GRD","Grenada","Latin America & Caribbean"
"GTM","Guatemala","Latin America & Caribbean"
"GUY","Guyana","Latin America & Caribbean"
"HND","Honduras","Latin America & Caribbean"
"HRV","Croatia","Europe & Central Asia"
"HTI","Haiti","Latin America & Caribbean"
"HUN","Hungary","Europe & Central Asia"
"IDN","Indonesia","East Asia & Pacific"
"IND","India","South Asia"
"IRL","Ireland","Europe & Central Asia"
"IRN","Iran, Islamic Rep.","Middle East, North Africa, Afghanistan & Pakistan"
"IRQ","Iraq","Middle East, North Africa, Afghanistan & Pakistan"
"ISL","Iceland","Europe & Central Asia"
"ISR","Israel","Middle East, North Africa, Afghanistan & Pakistan"
"ITA","Italy","Europe & Central Asia"
"JAM","Jamaica","Latin America & Caribbean"
"JOR","Jordan","Middle East, North Africa, Afghanistan & Pakistan"
"JPN","Japan","East Asia & Pacific"
"KAZ","Kazakhstan","Europe & Central Asia"
"KEN","Kenya","Sub-Saharan Africa"
"KGZ","Kyrgyz Republic","Europe & Central Asia"
"KHM","Cambodia","East Asia & Pacific"
"KIR","Kiribati","East Asia & Pacific"
"KOR","Korea, Rep.","East Asia & Pacific"
"KWT","Kuwait","Middle East, North Africa, Afghanistan & Pakistan"
"LAO","Lao PDR","East Asia & Pacific"
"LBN","Lebanon","Middle East, North Africa, Afghanistan & Pakistan"
"LBR","Liberia","Sub-Saharan Africa"
"LBY","Libya","Middle East, North Africa, Afghanistan & Pakistan"
"LCA","St. Lucia","Latin America & Caribbean"
"LKA","Sri Lanka","South Asia"
"LSO","Lesotho","Sub-Saharan Africa"
"LTU","Lithuania","Europe & Central Asia"
"LUX","Luxembourg","Europe & Central Asia"
"LVA","Latvia","Europe & Central Asia"
"MAR","Morocco","Middle East, North Africa, Afghanistan & Pakistan"
"MDA","Moldova","Europe & Central Asia"
"MDG","Madagascar","Sub-Saharan Africa"
"MDV","Maldives","South Asia"
"MEX","Mexico","Latin America & Caribbean"
"MKD","North Macedonia","Europe & Central Asia"
"MLI","Mali","Sub-Saharan Africa"
"MLT","Malta","Middle East, North Africa, Afghanistan & Pakistan"
"MMR","Myanmar","East Asia & Pacific"
"MNE","Montenegro","Europe & Central Asia"
"MNG","Mongolia","East Asia & Pacific"
"MOZ","Mozambique","Sub-Saharan Africa"
"MRT","Mauritania","Sub-Saharan Africa"
"MUS","Mauritius","Sub-Saharan Africa"
"MWI","Malawi","Sub-Saharan Africa"
"MYS","Malaysia","East Asia & Pacific"
"NAM","Namibia","Sub-Saharan Africa"
"NER","Niger","Sub-Saharan Africa"
"NGA","Nigeria","Sub-Saharan Africa"
"NIC","Nicaragua","Latin America & Caribbean"
"NLD","Netherlands","Europe & Central Asia"
"NOR","Norway","Europe & Central Asia"
"NPL","Nepal","South Asia"
"NZL","New Zealand","East Asia & Pacific"
"OMN","Oman","Middle East, North Africa, Afghanistan & Pakistan"
"PAK","Pakistan","Middle East, North Africa, Afghanistan & Pakistan"
"PAN","Panama","Latin America & Caribbean"
"PER","Peru","Latin America & Caribbean"
"PHL","Philippines","East Asia & Pacific"
"PNG","Papua New Guinea","East Asia & Pacific"
"POL","Poland","Europe & Central Asia"
"PRI","Puerto Rico (US)","Latin America & Caribbean"
"PRK","Korea, Dem. People's Rep.","East Asia & Pacific"
"PRT","Portugal","Europe & Central Asia"
"PRY","Paraguay","Latin America & Caribbean"
"PSE","West Bank and Gaza","Middle East, North Africa, Afghanistan & Pakistan"
"QAT","Qatar","Middle East, North Africa, Afghanistan & Pakistan"
"ROU","Romania","Europe & Central Asia"
"RUS","Russian Federation","Europe & Central Asia"
"RWA","Rwanda","Sub-Saharan Africa"
"SAU","Saudi Arabia","Middle East, North Africa, Afghanistan & Pakistan"
"SDN","Sudan","Sub-Saharan Africa"
"SEN","Senegal","Sub-Saharan Africa"
"SGP","Singapore","East Asia & Pacific"
"SLB","Solomon Islands","East Asia & Pacific"
"SLE","Sierra Leone","Sub-Saharan Africa"
"SLV","El Salvador","Latin America & Caribbean"
"SOM","Somalia, Fed. Rep.","Sub-Saharan Africa"
"SRB","Serbia","Europe & Central Asia"
"SSD","South Sudan","Sub-Saharan Africa"
"STP","Sao Tome and Principe","Sub-Saharan Africa"
"SUR","Suriname","Latin America & Caribbean"
"SVK","Slovak Republic","Europe & Central Asia"
"SVN","Slovenia","Europe & Central Asia"
"SWE","Sweden","Europe & Central Asia"
"SWZ","Eswatini","Sub-Saharan Africa"
"SYC","Seychelles","Sub-Saharan Africa"
"SYR","Syrian Arab Republic","Middle East, North Africa, Afghanistan & Pakistan"
"TCD","Chad","Sub-Saharan Africa"
"TGO","Togo","Sub-Saharan Africa"
"THA","Thailand","East Asia & Pacific"
"TJK","Tajikistan","Europe & Central Asia"
"TKM","Turkmenistan","Europe & Central Asia"
"TLS","Timor-Leste","East Asia & Pacific"
"TON","Tonga","East Asia & Pacific"
"TTO","Trinidad and Tobago","Latin America & Caribbean"
"TUN","Tunisia","Middle East, North Africa, Afghanistan & Pakistan"
"TUR","Turkiye","Europe & Central Asia"
"TZA","Tanzania","Sub-Saharan Africa"
"UGA","Uganda","Sub-Saharan Africa"
"UKR","Ukraine","Europe & Central Asia"
"URY","Uruguay","Latin America & Caribbean"
"USA","United States","North America"
"UZB","Uzbekistan","Europe & Central Asia"
"VCT","St. Vincent and the Grenadines","Latin America & Caribbean"
"VEN","Venezuela, RB","Latin America & Caribbean"
"VNM","Viet Nam","East Asia & Pacific"
"VUT","Vanuatu","East Asia & Pacific"
"WSM","Samoa","East Asia & Pacific"
"YEM","Yemen, Rep.","Middle East, North Africa, Afghanistan & Pakistan"
"ZAF","South Africa","Sub-Saharan Africa"
"ZMB","Zambia","Sub-Saharan Africa"
"ZWE","Zimbabwe","Sub-Saharan Africa"
